



use chess;
DROP TABLE if exists Rating;
DROP TABLE if exists Participation;
DROP TABLE if exists Game_result;
DROP TABLE if exists Game;
DROP TABLE if exists Mentoring;
DROP TABLE if exists Tourney;
DROP TABLE if exists Players;
DROP TABLE if exists Country;
DROP TABLE if exists Teachers; 


CREATE TABLE Country(
	country_id int,
	country varchar(20),
    PRIMARY KEY (country_id)
);
CREATE TABLE Players(
  player_id int,
  first_name varchar(20),
  last_name varchar(20),
  country_id int,
  PRIMARY KEY (player_id)
);
CREATE TABLE Tourney(
	tourney_id int,
	country_id int,
	name_tourney varchar(50),
	date_start date,
	date_end date,
    PRIMARY KEY (tourney_id)
);
CREATE TABLE Teachers(
	teacher_id int,
	first_name varchar(20),
	last_name varchar(20),
	country_id int,
    PRIMARY KEY (teacher_id)
);
CREATE TABLE Mentoring(
	player_id int,
	teacher_id int,
	date_start date,
	date_end date,
    PRIMARY KEY (player_id, teacher_id,date_start)
);
CREATE TABLE Game(
	tourney_id int,
	game_id int,
	game_date date,
    PRIMARY KEY (game_id) 
);
CREATE TABLE Game_result(
	game_id int,
	player_id int,
	result decimal,
    PRIMARY KEY (game_id,player_id)
);
CREATE TABLE Participation(
	player_id int,
	tourney_id int,
	position int,
    PRIMARY KEY (player_id, tourney_id)
);
CREATE TABLE Rating(
	player_id int,
	rating int,
	[date] date,
    PRIMARY KEY (player_id,[date])
);

ALTER TABLE Players ADD
FOREIGN KEY (country_id)
REFERENCES Country (country_id)
ALTER TABLE Tourney ADD
FOREIGN KEY (country_id)
REFERENCES Country (country_id)
ALTER TABLE Participation ADD
FOREIGN KEY (player_id)
REFERENCES Players (player_id)
ALTER TABLE Participation ADD
FOREIGN KEY (tourney_id)
REFERENCES Tourney (tourney_id)
ALTER TABLE Game ADD
FOREIGN KEY (tourney_id)
REFERENCES Tourney (tourney_id)
ALTER TABLE Game_result ADD
FOREIGN KEY (player_id)
REFERENCES Players (player_id)
ALTER TABLE Game_result ADD
FOREIGN KEY (game_id)
REFERENCES Game (game_id)
ALTER TABLE Rating ADD
FOREIGN KEY (player_id)
REFERENCES Players (player_id)
ALTER TABLE Mentoring ADD
FOREIGN KEY (player_id)
REFERENCES Players (player_id)
ALTER TABLE Mentoring ADD
FOREIGN KEY (teacher_id)
REFERENCES Teachers (teacher_id)

INSERT INTO Country VALUES (001,'China');
INSERT INTO Country VALUES (002,'United States');
INSERT INTO Country VALUES (003,'France');
INSERT INTO Country VALUES (004,'Russia');
INSERT INTO Country VALUES (005,'Netherlands');
INSERT INTO Country VALUES (006,'Armenia');
INSERT INTO Country VALUES (007,'Azerbaijan');
INSERT INTO Country VALUES (008,'Poland');
INSERT INTO Country VALUES (009,'Vietnam');
INSERT INTO Country VALUES (010,'Iran');
INSERT INTO Country VALUES (011,'England');
INSERT INTO Country VALUES (012,'Norway');
INSERT INTO Country VALUES (013,'India');
INSERT INTO Country VALUES (014,'Bulgaria');
INSERT INTO Country VALUES (015,'Israel');
INSERT INTO Country VALUES (016,'Cuba');

INSERT INTO Players VALUES (001,'Ding','Liren',001);
INSERT INTO Players VALUES (002,'Anish','Giri',005);
INSERT INTO Players VALUES (003,'Maxime','Vachier-Lagrave',003);
INSERT INTO Players VALUES (004,'Wesley','So',001);
INSERT INTO Players VALUES (005,'Ian','Nepomniachtchi',004);
INSERT INTO Players VALUES (006,'Levon','Aronian',006);
INSERT INTO Players VALUES (007,'Shakhriyar','Mamedyarov',007);
INSERT INTO Players VALUES (008,'Leinier','Domínguez',001);
INSERT INTO Players VALUES (009,'Alexander','Grischuk',004);
INSERT INTO Players VALUES (010,'Teimour','Radjabov',007);
INSERT INTO Players VALUES (011,'Magnus','Carlsen',012);
INSERT INTO Players VALUES (012,'Sergey','Karjakin',004);
INSERT INTO Players VALUES (013,'Fabiano','Caruana',001);
INSERT INTO Players VALUES (014,'Vladimir','Kramnik',004);
INSERT INTO Players VALUES (015,'Peter','Svidler',004);
INSERT INTO Players VALUES (016,'Veselin','Topalov',014);
INSERT INTO Players VALUES (017,'Hikaru','Nakamura',001);
INSERT INTO Players VALUES (018,'Dmitry','Andreikin',004);
INSERT INTO Players VALUES (019,'Boris','Gelfand',015);
INSERT INTO Players VALUES (020,'Viswanathan','Anand',013);
INSERT INTO Players VALUES (021,'Gata','Kamsky',001);
INSERT INTO Players VALUES (022,'Rustam','Kasimdzhanov',008);
INSERT INTO Players VALUES (023,'Nikola','Antok',001);
INSERT INTO Players VALUES (024,'Chester','Link',010);
INSERT INTO Players VALUES (025,'Tuma','Lomin',011);

INSERT INTO Teachers VALUES (001,'Ding','Liren',001);
INSERT INTO Teachers VALUES (002,'Anish','Giri',005);
INSERT INTO Teachers VALUES (003,'Maxime','Vachier-Lagrave',003);
INSERT INTO Teachers VALUES (004,'Wesley','So',001);
INSERT INTO Teachers VALUES (005,'Ian','Nepomniachtchi',004);
INSERT INTO Teachers VALUES (006,'Levon','Aronian',006);
INSERT INTO Teachers VALUES (007,'Shakhriyar','Mamedyarov',007);
INSERT INTO Teachers VALUES (008,'Leinier','Domínguez',001);

INSERT INTO Mentoring VALUES ( 9 , 8 ,' 2006 - 8 - 9 ',' 2010 - 3 - 24 ');
INSERT INTO Mentoring VALUES ( 8 , 3 ,' 2010 - 3 - 3 ',' 2012 - 5 - 26 ');
INSERT INTO Mentoring VALUES ( 22 , 5 ,' 2000 - 1 - 12 ',' 2013 - 8 - 24 ');
INSERT INTO Mentoring VALUES ( 6 , 1 ,' 2003 - 5 - 16 ',' 2004 - 9 - 8 ');
INSERT INTO Mentoring VALUES ( 17 , 1 ,' 2001 - 4 - 11 ',' 2003 - 6 - 8 ');
INSERT INTO Mentoring VALUES ( 7 , 6 ,' 2010 - 3 - 27 ',' 2011 - 5 - 10 ');
INSERT INTO Mentoring VALUES ( 18 , 3 ,' 2009 - 7 - 24 ',' 2017 - 5 - 27 ');
INSERT INTO Mentoring VALUES ( 3 , 4 ,' 2008 - 3 - 24 ',' 2011 - 4 - 27 ');
INSERT INTO Mentoring VALUES ( 2 , 1 ,' 2006 - 12 - 18 ',' 2008 - 2 - 16 ');
INSERT INTO Mentoring VALUES ( 23 , 6 ,' 2000 - 7 - 21 ',' 2013 - 8 - 19 ');
INSERT INTO Mentoring VALUES ( 21 , 5 ,' 2010 - 1 - 24 ',' 2012 - 12 - 17 ');
INSERT INTO Mentoring VALUES ( 14 , 6 ,' 2009 - 3 - 16 ',' 2011 - 4 - 17 ');
INSERT INTO Mentoring VALUES ( 9 , 4 ,' 2000 - 1 - 12 ',' 2009 - 9 - 14 ');
INSERT INTO Mentoring VALUES ( 4 , 5 ,' 2003 - 12 - 13 ',' 2004 - 11 - 10 ');
INSERT INTO Mentoring VALUES ( 3 , 4 ,' 2004 - 1 - 11 ',' 2010 - 9 - 26 ');
INSERT INTO Mentoring VALUES ( 9 , 5 ,' 2004 - 12 - 28 ',' 2015 - 9 - 8 ');
INSERT INTO Mentoring VALUES ( 20 , 8 ,' 2000 - 4 - 14 ',' 2014 - 3 - 21 ');
INSERT INTO Mentoring VALUES ( 2 , 5 ,' 2001 - 2 - 8 ',' 2009 - 7 - 5 ');
INSERT INTO Mentoring VALUES ( 17 , 1 ,' 2007 - 8 - 28 ',' 2017 - 2 - 19 ');
INSERT INTO Mentoring VALUES ( 9 , 8 ,' 2003 - 10 - 13 ',' 2008 - 6 - 8 ');

INSERT INTO Tourney VALUES (01,011,'World Chess Championship 2018','2018-11-9', '2018-11-28');
INSERT INTO Tourney VALUES (02,001,'World Chess Championship 2016','2016-11-10', '2016-11-30');
INSERT INTO Tourney VALUES (03,004,'World Chess Championship 2014','2014-11-10', '2014-11-29');
INSERT INTO Tourney VALUES (04,005,'World Chess Championship 2012','2012-11-11', '2012-11-29');
INSERT INTO Tourney VALUES (05,006,'World Chess Championship 2010','2010-11-11', '2010-11-30');
INSERT INTO Tourney VALUES (06,004,'World Chess Championship 2008','2008-11-11', '2008-11-20');
INSERT INTO Tourney VALUES (07,009,'World Chess Championship 2006','2006-11-11', '2006-11-30');
INSERT INTO Tourney VALUES (08,013,'World Chess Championship 2004','2004-11-11', '2004-11-20');
INSERT INTO Tourney VALUES (09,005,'World Chess Championship 2002','2002-11-11', '2002-11-30');
INSERT INTO Tourney VALUES (10,007,'World Chess Championship 2000','2000-11-11', '2000-11-30');
INSERT INTO Tourney VALUES (11,001,'European Individual Chess Championship','2018-11-11', '2018-11-30');
INSERT INTO Tourney VALUES (12,001,'European Individual Chess Championship','2016-11-11', '2016-11-30');

INSERT INTO Game VALUES ( 1 , 1 ,' 2018 -11- 11 ');
INSERT INTO Game_result VALUES ( 1 , 5 , 0 );
INSERT INTO Game_result VALUES ( 1 , 8 , 0 );
INSERT INTO Game VALUES ( 1 , 2 ,' 2018 -11- 11 ');
INSERT INTO Game_result VALUES ( 2 , 5 , 1 );
INSERT INTO Game_result VALUES ( 2 , 11 , -1 );
INSERT INTO Game VALUES ( 1 , 3 ,' 2018 -11- 11 ');
INSERT INTO Game_result VALUES ( 3 , 5 , 1 );
INSERT INTO Game_result VALUES ( 3 , 14 , -1 );
INSERT INTO Game VALUES ( 1 , 4 ,' 2018 -11- 11 ');
INSERT INTO Game_result VALUES ( 4 , 5 , 1 );
INSERT INTO Game_result VALUES ( 4 , 17 , -1 );
INSERT INTO Game VALUES ( 1 , 5 ,' 2018 -11- 11 ');
INSERT INTO Game_result VALUES ( 5 , 5 , 1 );
INSERT INTO Game_result VALUES ( 5 , 20 , -1 );
INSERT INTO Game VALUES ( 1 , 6 ,' 2018 -11- 11 ');
INSERT INTO Game_result VALUES ( 6 , 5 , 0 );
INSERT INTO Game_result VALUES ( 6 , 23 , 0 );
INSERT INTO Game VALUES ( 1 , 7 ,' 2018 -11- 11 ');
INSERT INTO Game_result VALUES ( 7 , 5 , -1 );
INSERT INTO Game_result VALUES ( 7 , 1 , 1 );
INSERT INTO Game VALUES ( 1 , 8 ,' 2018 -11- 12 ');
INSERT INTO Game_result VALUES ( 8 , 8 , 0 );
INSERT INTO Game_result VALUES ( 8 , 11 , 0 );
INSERT INTO Game VALUES ( 1 , 9 ,' 2018 -11- 12 ');
INSERT INTO Game_result VALUES ( 9 , 8 , 0 );
INSERT INTO Game_result VALUES ( 9 , 14 , 0 );
INSERT INTO Game VALUES ( 1 , 10 ,' 2018 -11- 12 ');
INSERT INTO Game_result VALUES ( 10 , 8 , 0 );
INSERT INTO Game_result VALUES ( 10 , 17 , 0 );
INSERT INTO Game VALUES ( 1 , 11 ,' 2018 -11- 12 ');
INSERT INTO Game_result VALUES ( 11 , 8 , -1 );
INSERT INTO Game_result VALUES ( 11 , 20 , 1 );
INSERT INTO Game VALUES ( 1 , 12 ,' 2018 -11- 12 ');
INSERT INTO Game_result VALUES ( 12 , 8 , 1 );
INSERT INTO Game_result VALUES ( 12 , 23 , -1 );
INSERT INTO Game VALUES ( 1 , 13 ,' 2018 -11- 12 ');
INSERT INTO Game_result VALUES ( 13 , 8 , 0 );
INSERT INTO Game_result VALUES ( 13 , 1 , 0 );
INSERT INTO Game VALUES ( 1 , 14 ,' 2018 -11- 13 ');
INSERT INTO Game_result VALUES ( 14 , 11 , -1 );
INSERT INTO Game_result VALUES ( 14 , 14 , 1 );
INSERT INTO Game VALUES ( 1 , 15 ,' 2018 -11- 13 ');
INSERT INTO Game_result VALUES ( 15 , 11 , 1 );
INSERT INTO Game_result VALUES ( 15 , 17 , -1 );
INSERT INTO Game VALUES ( 1 , 16 ,' 2018 -11- 13 ');
INSERT INTO Game_result VALUES ( 16 , 11 , 0 );
INSERT INTO Game_result VALUES ( 16 , 20 , 0 );
INSERT INTO Game VALUES ( 1 , 17 ,' 2018 -11- 13 ');
INSERT INTO Game_result VALUES ( 17 , 11 , -1 );
INSERT INTO Game_result VALUES ( 17 , 23 , 1 );
INSERT INTO Game VALUES ( 1 , 18 ,' 2018 -11- 13 ');
INSERT INTO Game_result VALUES ( 18 , 11 , -1 );
INSERT INTO Game_result VALUES ( 18 , 1 , 1 );
INSERT INTO Game VALUES ( 1 , 19 ,' 2018 -11- 14 ');
INSERT INTO Game_result VALUES ( 19 , 14 , 1 );
INSERT INTO Game_result VALUES ( 19 , 17 , -1 );
INSERT INTO Game VALUES ( 1 , 20 ,' 2018 -11- 14 ');
INSERT INTO Game_result VALUES ( 20 , 14 , 1 );
INSERT INTO Game_result VALUES ( 20 , 20 , -1 );
INSERT INTO Game VALUES ( 1 , 21 ,' 2018 -11- 14 ');
INSERT INTO Game_result VALUES ( 21 , 14 , 0 );
INSERT INTO Game_result VALUES ( 21 , 23 , 0 );
INSERT INTO Game VALUES ( 1 , 22 ,' 2018 -11- 14 ');
INSERT INTO Game_result VALUES ( 22 , 14 , 1 );
INSERT INTO Game_result VALUES ( 22 , 1 , -1 );
INSERT INTO Game VALUES ( 1 , 23 ,' 2018 -11- 15 ');
INSERT INTO Game_result VALUES ( 23 , 17 , 0 );
INSERT INTO Game_result VALUES ( 23 , 20 , 0 );
INSERT INTO Game VALUES ( 1 , 24 ,' 2018 -11- 15 ');
INSERT INTO Game_result VALUES ( 24 , 17 , -1 );
INSERT INTO Game_result VALUES ( 24 , 23 , 1 );
INSERT INTO Game VALUES ( 1 , 25 ,' 2018 -11- 15 ');
INSERT INTO Game_result VALUES ( 25 , 17 , 0 );
INSERT INTO Game_result VALUES ( 25 , 1 , 0 );
INSERT INTO Game VALUES ( 1 , 26 ,' 2018 -11- 16 ');
INSERT INTO Game_result VALUES ( 26 , 20 , 0 );
INSERT INTO Game_result VALUES ( 26 , 23 , 0 );
INSERT INTO Game VALUES ( 1 , 27 ,' 2018 -11- 16 ');
INSERT INTO Game_result VALUES ( 27 , 20 , 1 );
INSERT INTO Game_result VALUES ( 27 , 1 , -1 );
INSERT INTO Game VALUES ( 1 , 28 ,' 2018 -11- 17 ');
INSERT INTO Game_result VALUES ( 28 , 23 , 0 );
INSERT INTO Game_result VALUES ( 28 , 1 , 0 );
INSERT INTO Participation VALUES ( 5 , 1 , 0 );
INSERT INTO Rating VALUES ( 5 , 2412 ,' 2018 -11- 21 ');
INSERT INTO Participation VALUES ( 8 , 1 , 0 );
INSERT INTO Rating VALUES ( 8 , 2412 ,' 2018 -11- 22 ');
INSERT INTO Participation VALUES ( 11 , 1 , 0 );
INSERT INTO Rating VALUES ( 11 , 2412 ,' 2018 -11- 23 ');
INSERT INTO Participation VALUES ( 14 , 1 , 0 );
INSERT INTO Rating VALUES ( 14 , 2412 ,' 2018 -11- 24 ');
INSERT INTO Participation VALUES ( 17 , 1 , 0 );
INSERT INTO Rating VALUES ( 17 , 2412 ,' 2018 -11- 25 ');
INSERT INTO Participation VALUES ( 20 , 1 , 0 );
INSERT INTO Rating VALUES ( 20 , 2412 ,' 2018 -11- 26 ');
INSERT INTO Participation VALUES ( 23 , 1 , 0 );
INSERT INTO Rating VALUES ( 23 , 2412 ,' 2018 -11- 27 ');
INSERT INTO Participation VALUES ( 1 , 1 , 0 );
INSERT INTO Rating VALUES ( 1 , 2412 ,' 2018 -11- 28 ');
INSERT INTO Game VALUES ( 2 , 29 ,' 2016 -11- 11 ');
INSERT INTO Game_result VALUES ( 29 , 13 , 0 );
INSERT INTO Game_result VALUES ( 29 , 14 , 0 );
INSERT INTO Game VALUES ( 2 , 30 ,' 2016 -11- 11 ');
INSERT INTO Game_result VALUES ( 30 , 13 , 1 );
INSERT INTO Game_result VALUES ( 30 , 15 , -1 );
INSERT INTO Game VALUES ( 2 , 31 ,' 2016 -11- 11 ');
INSERT INTO Game_result VALUES ( 31 , 13 , 0 );
INSERT INTO Game_result VALUES ( 31 , 16 , 0 );
INSERT INTO Game VALUES ( 2 , 32 ,' 2016 -11- 11 ');
INSERT INTO Game_result VALUES ( 32 , 13 , 0 );
INSERT INTO Game_result VALUES ( 32 , 17 , 0 );
INSERT INTO Game VALUES ( 2 , 33 ,' 2016 -11- 11 ');
INSERT INTO Game_result VALUES ( 33 , 13 , 0 );
INSERT INTO Game_result VALUES ( 33 , 18 , 0 );
INSERT INTO Game VALUES ( 2 , 34 ,' 2016 -11- 11 ');
INSERT INTO Game_result VALUES ( 34 , 13 , -1 );
INSERT INTO Game_result VALUES ( 34 , 19 , 1 );
INSERT INTO Game VALUES ( 2 , 35 ,' 2016 -11- 11 ');
INSERT INTO Game_result VALUES ( 35 , 13 , 0 );
INSERT INTO Game_result VALUES ( 35 , 20 , 0 );
INSERT INTO Game VALUES ( 2 , 36 ,' 2016 -11- 12 ');
INSERT INTO Game_result VALUES ( 36 , 14 , 0 );
INSERT INTO Game_result VALUES ( 36 , 15 , 0 );
INSERT INTO Game VALUES ( 2 , 37 ,' 2016 -11- 12 ');
INSERT INTO Game_result VALUES ( 37 , 14 , -1 );
INSERT INTO Game_result VALUES ( 37 , 16 , 1 );
INSERT INTO Game VALUES ( 2 , 38 ,' 2016 -11- 12 ');
INSERT INTO Game_result VALUES ( 38 , 14 , 0 );
INSERT INTO Game_result VALUES ( 38 , 17 , 0 );
INSERT INTO Game VALUES ( 2 , 39 ,' 2016 -11- 12 ');
INSERT INTO Game_result VALUES ( 39 , 14 , 0 );
INSERT INTO Game_result VALUES ( 39 , 18 , 0 );
INSERT INTO Game VALUES ( 2 , 40 ,' 2016 -11- 12 ');
INSERT INTO Game_result VALUES ( 40 , 14 , -1 );
INSERT INTO Game_result VALUES ( 40 , 19 , 1 );
INSERT INTO Game VALUES ( 2 , 41 ,' 2016 -11- 12 ');
INSERT INTO Game_result VALUES ( 41 , 14 , 1 );
INSERT INTO Game_result VALUES ( 41 , 20 , -1 );
INSERT INTO Game VALUES ( 2 , 42 ,' 2016 -11- 13 ');
INSERT INTO Game_result VALUES ( 42 , 15 , 1 );
INSERT INTO Game_result VALUES ( 42 , 16 , -1 );
INSERT INTO Game VALUES ( 2 , 43 ,' 2016 -11- 13 ');
INSERT INTO Game_result VALUES ( 43 , 15 , 0 );
INSERT INTO Game_result VALUES ( 43 , 17 , 0 );
INSERT INTO Game VALUES ( 2 , 44 ,' 2016 -11- 13 ');
INSERT INTO Game_result VALUES ( 44 , 15 , 0 );
INSERT INTO Game_result VALUES ( 44 , 18 , 0 );
INSERT INTO Game VALUES ( 2 , 45 ,' 2016 -11- 13 ');
INSERT INTO Game_result VALUES ( 45 , 15 , -1 );
INSERT INTO Game_result VALUES ( 45 , 19 , 1 );
INSERT INTO Game VALUES ( 2 , 46 ,' 2016 -11- 13 ');
INSERT INTO Game_result VALUES ( 46 , 15 , 0 );
INSERT INTO Game_result VALUES ( 46 , 20 , 0 );
INSERT INTO Game VALUES ( 2 , 47 ,' 2016 -11- 14 ');
INSERT INTO Game_result VALUES ( 47 , 16 , -1 );
INSERT INTO Game_result VALUES ( 47 , 17 , 1 );
INSERT INTO Game VALUES ( 2 , 48 ,' 2016 -11- 14 ');
INSERT INTO Game_result VALUES ( 48 , 16 , 0 );
INSERT INTO Game_result VALUES ( 48 , 18 , 0 );
INSERT INTO Game VALUES ( 2 , 49 ,' 2016 -11- 14 ');
INSERT INTO Game_result VALUES ( 49 , 16 , -1 );
INSERT INTO Game_result VALUES ( 49 , 19 , 1 );
INSERT INTO Game VALUES ( 2 , 50 ,' 2016 -11- 14 ');
INSERT INTO Game_result VALUES ( 50 , 16 , 0 );
INSERT INTO Game_result VALUES ( 50 , 20 , 0 );
INSERT INTO Game VALUES ( 2 , 51 ,' 2016 -11- 15 ');
INSERT INTO Game_result VALUES ( 51 , 17 , 0 );
INSERT INTO Game_result VALUES ( 51 , 18 , 0 );
INSERT INTO Game VALUES ( 2 , 52 ,' 2016 -11- 15 ');
INSERT INTO Game_result VALUES ( 52 , 17 , -1 );
INSERT INTO Game_result VALUES ( 52 , 19 , 1 );
INSERT INTO Game VALUES ( 2 , 53 ,' 2016 -11- 15 ');
INSERT INTO Game_result VALUES ( 53 , 17 , 1 );
INSERT INTO Game_result VALUES ( 53 , 20 , -1 );
INSERT INTO Game VALUES ( 2 , 54 ,' 2016 -11- 16 ');
INSERT INTO Game_result VALUES ( 54 , 18 , -1 );
INSERT INTO Game_result VALUES ( 54 , 19 , 1 );
INSERT INTO Game VALUES ( 2 , 55 ,' 2016 -11- 16 ');
INSERT INTO Game_result VALUES ( 55 , 18 , 0 );
INSERT INTO Game_result VALUES ( 55 , 20 , 0 );
INSERT INTO Game VALUES ( 2 , 56 ,' 2016 -11- 17 ');
INSERT INTO Game_result VALUES ( 56 , 19 , 1 );
INSERT INTO Game_result VALUES ( 56 , 20 , -1 );
INSERT INTO Participation VALUES ( 13 , 2 , -2 );
INSERT INTO Rating VALUES ( 13 , 2386 ,' 2016 -11- 21 ');
INSERT INTO Participation VALUES ( 14 , 2 , -2 );
INSERT INTO Rating VALUES ( 14 , 2386 ,' 2016 -11- 22 ');
INSERT INTO Participation VALUES ( 15 , 2 , -2 );
INSERT INTO Rating VALUES ( 15 , 2386 ,' 2016 -11- 23 ');
INSERT INTO Participation VALUES ( 16 , 2 , -2 );
INSERT INTO Rating VALUES ( 16 , 2386 ,' 2016 -11- 24 ');
INSERT INTO Participation VALUES ( 17 , 2 , -2 );
INSERT INTO Rating VALUES ( 17 , 2386 ,' 2016 -11- 25 ');
INSERT INTO Participation VALUES ( 18 , 2 , -2 );
INSERT INTO Rating VALUES ( 18 , 2386 ,' 2016 -11- 26 ');
INSERT INTO Participation VALUES ( 19 , 2 , -2 );
INSERT INTO Rating VALUES ( 19 , 2386 ,' 2016 -11- 27 ');
INSERT INTO Participation VALUES ( 20 , 2 , -2 );
INSERT INTO Rating VALUES ( 20 , 2386 ,' 2016 -11- 28 ');
INSERT INTO Game VALUES ( 3 , 57 ,' 2014 -11- 11 ');
INSERT INTO Game_result VALUES ( 57 , 1 , -1 );
INSERT INTO Game_result VALUES ( 57 , 3 , 1 );
INSERT INTO Game VALUES ( 3 , 58 ,' 2014 -11- 11 ');
INSERT INTO Game_result VALUES ( 58 , 1 , -1 );
INSERT INTO Game_result VALUES ( 58 , 5 , 1 );
INSERT INTO Game VALUES ( 3 , 59 ,' 2014 -11- 11 ');
INSERT INTO Game_result VALUES ( 59 , 1 , 1 );
INSERT INTO Game_result VALUES ( 59 , 7 , -1 );
INSERT INTO Game VALUES ( 3 , 60 ,' 2014 -11- 11 ');
INSERT INTO Game_result VALUES ( 60 , 1 , 1 );
INSERT INTO Game_result VALUES ( 60 , 9 , -1 );
INSERT INTO Game VALUES ( 3 , 61 ,' 2014 -11- 11 ');
INSERT INTO Game_result VALUES ( 61 , 1 , -1 );
INSERT INTO Game_result VALUES ( 61 , 11 , 1 );
INSERT INTO Game VALUES ( 3 , 62 ,' 2014 -11- 11 ');
INSERT INTO Game_result VALUES ( 62 , 1 , 1 );
INSERT INTO Game_result VALUES ( 62 , 13 , -1 );
INSERT INTO Game VALUES ( 3 , 63 ,' 2014 -11- 11 ');
INSERT INTO Game_result VALUES ( 63 , 1 , -1 );
INSERT INTO Game_result VALUES ( 63 , 15 , 1 );
INSERT INTO Game VALUES ( 3 , 64 ,' 2014 -11- 12 ');
INSERT INTO Game_result VALUES ( 64 , 3 , 0 );
INSERT INTO Game_result VALUES ( 64 , 5 , 0 );
INSERT INTO Game VALUES ( 3 , 65 ,' 2014 -11- 12 ');
INSERT INTO Game_result VALUES ( 65 , 3 , 1 );
INSERT INTO Game_result VALUES ( 65 , 7 , -1 );
INSERT INTO Game VALUES ( 3 , 66 ,' 2014 -11- 12 ');
INSERT INTO Game_result VALUES ( 66 , 3 , 0 );
INSERT INTO Game_result VALUES ( 66 , 9 , 0 );
INSERT INTO Game VALUES ( 3 , 67 ,' 2014 -11- 12 ');
INSERT INTO Game_result VALUES ( 67 , 3 , -1 );
INSERT INTO Game_result VALUES ( 67 , 11 , 1 );
INSERT INTO Game VALUES ( 3 , 68 ,' 2014 -11- 12 ');
INSERT INTO Game_result VALUES ( 68 , 3 , -1 );
INSERT INTO Game_result VALUES ( 68 , 13 , 1 );
INSERT INTO Game VALUES ( 3 , 69 ,' 2014 -11- 12 ');
INSERT INTO Game_result VALUES ( 69 , 3 , -1 );
INSERT INTO Game_result VALUES ( 69 , 15 , 1 );
INSERT INTO Game VALUES ( 3 , 70 ,' 2014 -11- 13 ');
INSERT INTO Game_result VALUES ( 70 , 5 , -1 );
INSERT INTO Game_result VALUES ( 70 , 7 , 1 );
INSERT INTO Game VALUES ( 3 , 71 ,' 2014 -11- 13 ');
INSERT INTO Game_result VALUES ( 71 , 5 , -1 );
INSERT INTO Game_result VALUES ( 71 , 9 , 1 );
INSERT INTO Game VALUES ( 3 , 72 ,' 2014 -11- 13 ');
INSERT INTO Game_result VALUES ( 72 , 5 , 1 );
INSERT INTO Game_result VALUES ( 72 , 11 , -1 );
INSERT INTO Game VALUES ( 3 , 73 ,' 2014 -11- 13 ');
INSERT INTO Game_result VALUES ( 73 , 5 , 1 );
INSERT INTO Game_result VALUES ( 73 , 13 , -1 );
INSERT INTO Game VALUES ( 3 , 74 ,' 2014 -11- 13 ');
INSERT INTO Game_result VALUES ( 74 , 5 , 0 );
INSERT INTO Game_result VALUES ( 74 , 15 , 0 );
INSERT INTO Game VALUES ( 3 , 75 ,' 2014 -11- 14 ');
INSERT INTO Game_result VALUES ( 75 , 7 , -1 );
INSERT INTO Game_result VALUES ( 75 , 9 , 1 );
INSERT INTO Game VALUES ( 3 , 76 ,' 2014 -11- 14 ');
INSERT INTO Game_result VALUES ( 76 , 7 , 1 );
INSERT INTO Game_result VALUES ( 76 , 11 , -1 );
INSERT INTO Game VALUES ( 3 , 77 ,' 2014 -11- 14 ');
INSERT INTO Game_result VALUES ( 77 , 7 , -1 );
INSERT INTO Game_result VALUES ( 77 , 13 , 1 );
INSERT INTO Game VALUES ( 3 , 78 ,' 2014 -11- 14 ');
INSERT INTO Game_result VALUES ( 78 , 7 , 1 );
INSERT INTO Game_result VALUES ( 78 , 15 , -1 );
INSERT INTO Game VALUES ( 3 , 79 ,' 2014 -11- 15 ');
INSERT INTO Game_result VALUES ( 79 , 9 , -1 );
INSERT INTO Game_result VALUES ( 79 , 11 , 1 );
INSERT INTO Game VALUES ( 3 , 80 ,' 2014 -11- 15 ');
INSERT INTO Game_result VALUES ( 80 , 9 , 1 );
INSERT INTO Game_result VALUES ( 80 , 13 , -1 );
INSERT INTO Game VALUES ( 3 , 81 ,' 2014 -11- 15 ');
INSERT INTO Game_result VALUES ( 81 , 9 , 1 );
INSERT INTO Game_result VALUES ( 81 , 15 , -1 );
INSERT INTO Game VALUES ( 3 , 82 ,' 2014 -11- 16 ');
INSERT INTO Game_result VALUES ( 82 , 11 , 1 );
INSERT INTO Game_result VALUES ( 82 , 13 , -1 );
INSERT INTO Game VALUES ( 3 , 83 ,' 2014 -11- 16 ');
INSERT INTO Game_result VALUES ( 83 , 11 , 1 );
INSERT INTO Game_result VALUES ( 83 , 15 , -1 );
INSERT INTO Game VALUES ( 3 , 84 ,' 2014 -11- 17 ');
INSERT INTO Game_result VALUES ( 84 , 13 , 0 );
INSERT INTO Game_result VALUES ( 84 , 15 , 0 );
INSERT INTO Participation VALUES ( 1 , 3 , -1 );
INSERT INTO Rating VALUES ( 1 , 2399 ,' 2014 -11- 21 ');
INSERT INTO Participation VALUES ( 3 , 3 , -1 );
INSERT INTO Rating VALUES ( 3 , 2399 ,' 2014 -11- 22 ');
INSERT INTO Participation VALUES ( 5 , 3 , -1 );
INSERT INTO Rating VALUES ( 5 , 2399 ,' 2014 -11- 23 ');
INSERT INTO Participation VALUES ( 7 , 3 , -1 );
INSERT INTO Rating VALUES ( 7 , 2399 ,' 2014 -11- 24 ');
INSERT INTO Participation VALUES ( 9 , 3 , -1 );
INSERT INTO Rating VALUES ( 9 , 2399 ,' 2014 -11- 25 ');
INSERT INTO Participation VALUES ( 11 , 3 , -1 );
INSERT INTO Rating VALUES ( 11 , 2399 ,' 2014 -11- 26 ');
INSERT INTO Participation VALUES ( 13 , 3 , -1 );
INSERT INTO Rating VALUES ( 13 , 2399 ,' 2014 -11- 27 ');
INSERT INTO Participation VALUES ( 15 , 3 , -1 );
INSERT INTO Rating VALUES ( 15 , 2399 ,' 2014 -11- 28 ');
INSERT INTO Game VALUES ( 4 , 85 ,' 2012 -11- 11 ');
INSERT INTO Game_result VALUES ( 85 , 4 , -1 );
INSERT INTO Game_result VALUES ( 85 , 7 , 1 );
INSERT INTO Game VALUES ( 4 , 86 ,' 2012 -11- 11 ');
INSERT INTO Game_result VALUES ( 86 , 4 , -1 );
INSERT INTO Game_result VALUES ( 86 , 10 , 1 );
INSERT INTO Game VALUES ( 4 , 87 ,' 2012 -11- 11 ');
INSERT INTO Game_result VALUES ( 87 , 4 , 0 );
INSERT INTO Game_result VALUES ( 87 , 13 , 0 );
INSERT INTO Game VALUES ( 4 , 88 ,' 2012 -11- 11 ');
INSERT INTO Game_result VALUES ( 88 , 4 , 1 );
INSERT INTO Game_result VALUES ( 88 , 16 , -1 );
INSERT INTO Game VALUES ( 4 , 89 ,' 2012 -11- 11 ');
INSERT INTO Game_result VALUES ( 89 , 4 , 0 );
INSERT INTO Game_result VALUES ( 89 , 19 , 0 );
INSERT INTO Game VALUES ( 4 , 90 ,' 2012 -11- 11 ');
INSERT INTO Game_result VALUES ( 90 , 4 , 1 );
INSERT INTO Game_result VALUES ( 90 , 22 , -1 );
INSERT INTO Game VALUES ( 4 , 91 ,' 2012 -11- 11 ');
INSERT INTO Game_result VALUES ( 91 , 4 , 0 );
INSERT INTO Game_result VALUES ( 91 , 25 , 0 );
INSERT INTO Game VALUES ( 4 , 92 ,' 2012 -11- 12 ');
INSERT INTO Game_result VALUES ( 92 , 7 , -1 );
INSERT INTO Game_result VALUES ( 92 , 10 , 1 );
INSERT INTO Game VALUES ( 4 , 93 ,' 2012 -11- 12 ');
INSERT INTO Game_result VALUES ( 93 , 7 , 0 );
INSERT INTO Game_result VALUES ( 93 , 13 , 0 );
INSERT INTO Game VALUES ( 4 , 94 ,' 2012 -11- 12 ');
INSERT INTO Game_result VALUES ( 94 , 7 , 1 );
INSERT INTO Game_result VALUES ( 94 , 16 , -1 );
INSERT INTO Game VALUES ( 4 , 95 ,' 2012 -11- 12 ');
INSERT INTO Game_result VALUES ( 95 , 7 , 0 );
INSERT INTO Game_result VALUES ( 95 , 19 , 0 );
INSERT INTO Game VALUES ( 4 , 96 ,' 2012 -11- 12 ');
INSERT INTO Game_result VALUES ( 96 , 7 , -1 );
INSERT INTO Game_result VALUES ( 96 , 22 , 1 );
INSERT INTO Game VALUES ( 4 , 97 ,' 2012 -11- 12 ');
INSERT INTO Game_result VALUES ( 97 , 7 , 1 );
INSERT INTO Game_result VALUES ( 97 , 25 , -1 );
INSERT INTO Game VALUES ( 4 , 98 ,' 2012 -11- 13 ');
INSERT INTO Game_result VALUES ( 98 , 10 , 0 );
INSERT INTO Game_result VALUES ( 98 , 13 , 0 );
INSERT INTO Game VALUES ( 4 , 99 ,' 2012 -11- 13 ');
INSERT INTO Game_result VALUES ( 99 , 10 , 1 );
INSERT INTO Game_result VALUES ( 99 , 16 , -1 );
INSERT INTO Game VALUES ( 4 , 100 ,' 2012 -11- 13 ');
INSERT INTO Game_result VALUES ( 100 , 10 , 1 );
INSERT INTO Game_result VALUES ( 100 , 19 , -1 );
INSERT INTO Game VALUES ( 4 , 101 ,' 2012 -11- 13 ');
INSERT INTO Game_result VALUES ( 101 , 10 , 1 );
INSERT INTO Game_result VALUES ( 101 , 22 , -1 );
INSERT INTO Game VALUES ( 4 , 102 ,' 2012 -11- 13 ');
INSERT INTO Game_result VALUES ( 102 , 10 , 0 );
INSERT INTO Game_result VALUES ( 102 , 25 , 0 );
INSERT INTO Game VALUES ( 4 , 103 ,' 2012 -11- 14 ');
INSERT INTO Game_result VALUES ( 103 , 13 , 1 );
INSERT INTO Game_result VALUES ( 103 , 16 , -1 );
INSERT INTO Game VALUES ( 4 , 104 ,' 2012 -11- 14 ');
INSERT INTO Game_result VALUES ( 104 , 13 , 0 );
INSERT INTO Game_result VALUES ( 104 , 19 , 0 );
INSERT INTO Game VALUES ( 4 , 105 ,' 2012 -11- 14 ');
INSERT INTO Game_result VALUES ( 105 , 13 , -1 );
INSERT INTO Game_result VALUES ( 105 , 22 , 1 );
INSERT INTO Game VALUES ( 4 , 106 ,' 2012 -11- 14 ');
INSERT INTO Game_result VALUES ( 106 , 13 , -1 );
INSERT INTO Game_result VALUES ( 106 , 25 , 1 );
INSERT INTO Game VALUES ( 4 , 107 ,' 2012 -11- 15 ');
INSERT INTO Game_result VALUES ( 107 , 16 , 0 );
INSERT INTO Game_result VALUES ( 107 , 19 , 0 );
INSERT INTO Game VALUES ( 4 , 108 ,' 2012 -11- 15 ');
INSERT INTO Game_result VALUES ( 108 , 16 , -1 );
INSERT INTO Game_result VALUES ( 108 , 22 , 1 );
INSERT INTO Game VALUES ( 4 , 109 ,' 2012 -11- 15 ');
INSERT INTO Game_result VALUES ( 109 , 16 , -1 );
INSERT INTO Game_result VALUES ( 109 , 25 , 1 );
INSERT INTO Game VALUES ( 4 , 110 ,' 2012 -11- 16 ');
INSERT INTO Game_result VALUES ( 110 , 19 , -1 );
INSERT INTO Game_result VALUES ( 110 , 22 , 1 );
INSERT INTO Game VALUES ( 4 , 111 ,' 2012 -11- 16 ');
INSERT INTO Game_result VALUES ( 111 , 19 , -1 );
INSERT INTO Game_result VALUES ( 111 , 25 , 1 );
INSERT INTO Game VALUES ( 4 , 112 ,' 2012 -11- 17 ');
INSERT INTO Game_result VALUES ( 112 , 22 , -1 );
INSERT INTO Game_result VALUES ( 112 , 25 , 1 );
INSERT INTO Participation VALUES ( 4 , 4 , 2 );
INSERT INTO Rating VALUES ( 4 , 2438 ,' 2012 -11- 21 ');
INSERT INTO Participation VALUES ( 7 , 4 , 2 );
INSERT INTO Rating VALUES ( 7 , 2438 ,' 2012 -11- 22 ');
INSERT INTO Participation VALUES ( 10 , 4 , 2 );
INSERT INTO Rating VALUES ( 10 , 2438 ,' 2012 -11- 23 ');
INSERT INTO Participation VALUES ( 13 , 4 , 2 );
INSERT INTO Rating VALUES ( 13 , 2438 ,' 2012 -11- 24 ');
INSERT INTO Participation VALUES ( 16 , 4 , 2 );
INSERT INTO Rating VALUES ( 16 , 2438 ,' 2012 -11- 25 ');
INSERT INTO Participation VALUES ( 19 , 4 , 2 );
INSERT INTO Rating VALUES ( 19 , 2438 ,' 2012 -11- 26 ');
INSERT INTO Participation VALUES ( 22 , 4 , 2 );
INSERT INTO Rating VALUES ( 22 , 2510 ,' 2012 -11- 27 ');
INSERT INTO Participation VALUES ( 25 , 4 , 2 );
INSERT INTO Rating VALUES ( 25 , 2438 ,' 2012 -11- 28 ');
INSERT INTO Game VALUES ( 5 , 113 ,' 2010 -11- 11 ');
INSERT INTO Game_result VALUES ( 113 , 21 , -1 );
INSERT INTO Game_result VALUES ( 113 , 22 , 1 );
INSERT INTO Game VALUES ( 5 , 114 ,' 2010 -11- 11 ');
INSERT INTO Game_result VALUES ( 114 , 21 , 1 );
INSERT INTO Game_result VALUES ( 114 , 23 , -1 );
INSERT INTO Game VALUES ( 5 , 115 ,' 2010 -11- 11 ');
INSERT INTO Game_result VALUES ( 115 , 21 , -1 );
INSERT INTO Game_result VALUES ( 115 , 24 , 1 );
INSERT INTO Game VALUES ( 5 , 116 ,' 2010 -11- 11 ');
INSERT INTO Game_result VALUES ( 116 , 21 , 1 );
INSERT INTO Game_result VALUES ( 116 , 25 , -1 );
INSERT INTO Game VALUES ( 5 , 117 ,' 2010 -11- 11 ');
INSERT INTO Game_result VALUES ( 117 , 21 , 0 );
INSERT INTO Game_result VALUES ( 117 , 1 , 0 );
INSERT INTO Game VALUES ( 5 , 118 ,' 2010 -11- 11 ');
INSERT INTO Game_result VALUES ( 118 , 21 , 1 );
INSERT INTO Game_result VALUES ( 118 , 2 , -1 );
INSERT INTO Game VALUES ( 5 , 119 ,' 2010 -11- 11 ');
INSERT INTO Game_result VALUES ( 119 , 21 , 1 );
INSERT INTO Game_result VALUES ( 119 , 3 , -1 );
INSERT INTO Game VALUES ( 5 , 120 ,' 2010 -11- 12 ');
INSERT INTO Game_result VALUES ( 120 , 22 , 1 );
INSERT INTO Game_result VALUES ( 120 , 23 , -1 );
INSERT INTO Game VALUES ( 5 , 121 ,' 2010 -11- 12 ');
INSERT INTO Game_result VALUES ( 121 , 22 , 0 );
INSERT INTO Game_result VALUES ( 121 , 24 , 0 );
INSERT INTO Game VALUES ( 5 , 122 ,' 2010 -11- 12 ');
INSERT INTO Game_result VALUES ( 122 , 22 , 0 );
INSERT INTO Game_result VALUES ( 122 , 25 , 0 );
INSERT INTO Game VALUES ( 5 , 123 ,' 2010 -11- 12 ');
INSERT INTO Game_result VALUES ( 123 , 22 , 0 );
INSERT INTO Game_result VALUES ( 123 , 1 , 0 );
INSERT INTO Game VALUES ( 5 , 124 ,' 2010 -11- 12 ');
INSERT INTO Game_result VALUES ( 124 , 22 , -1 );
INSERT INTO Game_result VALUES ( 124 , 2 , 1 );
INSERT INTO Game VALUES ( 5 , 125 ,' 2010 -11- 12 ');
INSERT INTO Game_result VALUES ( 125 , 22 , 1 );
INSERT INTO Game_result VALUES ( 125 , 3 , -1 );
INSERT INTO Game VALUES ( 5 , 126 ,' 2010 -11- 13 ');
INSERT INTO Game_result VALUES ( 126 , 23 , 1 );
INSERT INTO Game_result VALUES ( 126 , 24 , -1 );
INSERT INTO Game VALUES ( 5 , 127 ,' 2010 -11- 13 ');
INSERT INTO Game_result VALUES ( 127 , 23 , 0 );
INSERT INTO Game_result VALUES ( 127 , 25 , 0 );
INSERT INTO Game VALUES ( 5 , 128 ,' 2010 -11- 13 ');
INSERT INTO Game_result VALUES ( 128 , 23 , 1 );
INSERT INTO Game_result VALUES ( 128 , 1 , -1 );
INSERT INTO Game VALUES ( 5 , 129 ,' 2010 -11- 13 ');
INSERT INTO Game_result VALUES ( 129 , 23 , -1 );
INSERT INTO Game_result VALUES ( 129 , 2 , 1 );
INSERT INTO Game VALUES ( 5 , 130 ,' 2010 -11- 13 ');
INSERT INTO Game_result VALUES ( 130 , 23 , 0 );
INSERT INTO Game_result VALUES ( 130 , 3 , 0 );
INSERT INTO Game VALUES ( 5 , 131 ,' 2010 -11- 14 ');
INSERT INTO Game_result VALUES ( 131 , 24 , -1 );
INSERT INTO Game_result VALUES ( 131 , 25 , 1 );
INSERT INTO Game VALUES ( 5 , 132 ,' 2010 -11- 14 ');
INSERT INTO Game_result VALUES ( 132 , 24 , 1 );
INSERT INTO Game_result VALUES ( 132 , 1 , -1 );
INSERT INTO Game VALUES ( 5 , 133 ,' 2010 -11- 14 ');
INSERT INTO Game_result VALUES ( 133 , 24 , -1 );
INSERT INTO Game_result VALUES ( 133 , 2 , 1 );
INSERT INTO Game VALUES ( 5 , 134 ,' 2010 -11- 14 ');
INSERT INTO Game_result VALUES ( 134 , 24 , 0 );
INSERT INTO Game_result VALUES ( 134 , 3 , 0 );
INSERT INTO Game VALUES ( 5 , 135 ,' 2010 -11- 15 ');
INSERT INTO Game_result VALUES ( 135 , 25 , -1 );
INSERT INTO Game_result VALUES ( 135 , 1 , 1 );
INSERT INTO Game VALUES ( 5 , 136 ,' 2010 -11- 15 ');
INSERT INTO Game_result VALUES ( 136 , 25 , 1 );
INSERT INTO Game_result VALUES ( 136 , 2 , -1 );
INSERT INTO Game VALUES ( 5 , 137 ,' 2010 -11- 15 ');
INSERT INTO Game_result VALUES ( 137 , 25 , 0 );
INSERT INTO Game_result VALUES ( 137 , 3 , 0 );
INSERT INTO Game VALUES ( 5 , 138 ,' 2010 -11- 16 ');
INSERT INTO Game_result VALUES ( 138 , 1 , 0 );
INSERT INTO Game_result VALUES ( 138 , 2 , 0 );
INSERT INTO Game VALUES ( 5 , 139 ,' 2010 -11- 16 ');
INSERT INTO Game_result VALUES ( 139 , 1 , -1 );
INSERT INTO Game_result VALUES ( 139 , 3 , 1 );
INSERT INTO Game VALUES ( 5 , 140 ,' 2010 -11- 17 ');
INSERT INTO Game_result VALUES ( 140 , 2 , 1 );
INSERT INTO Game_result VALUES ( 140 , 3 , -1 );
INSERT INTO Participation VALUES ( 21 , 5 , -1 );
INSERT INTO Rating VALUES ( 21 , 2399 ,' 2010 -11- 21 ');
INSERT INTO Participation VALUES ( 22 , 5 , -1 );
INSERT INTO Rating VALUES ( 22 , 2399 ,' 2010 -11- 22 ');
INSERT INTO Participation VALUES ( 23 , 5 , -1 );
INSERT INTO Rating VALUES ( 23 , 2399 ,' 2010 -11- 23 ');
INSERT INTO Participation VALUES ( 24 , 5 , -1 );
INSERT INTO Rating VALUES ( 24 , 2399 ,' 2010 -11- 24 ');
INSERT INTO Participation VALUES ( 25 , 5 , -1 );
INSERT INTO Rating VALUES ( 25 , 2399 ,' 2010 -11- 25 ');
INSERT INTO Participation VALUES ( 1 , 5 , -1 );
INSERT INTO Rating VALUES ( 1 , 2399 ,' 2010 -11- 26 ');
INSERT INTO Participation VALUES ( 2 , 5 , -1 );
INSERT INTO Rating VALUES ( 2 , 2399 ,' 2010 -11- 27 ');
INSERT INTO Participation VALUES ( 3 , 5 , -1 );
INSERT INTO Rating VALUES ( 3 , 2399 ,' 2010 -11- 28 ');
INSERT INTO Game VALUES ( 6 , 141 ,' 2008 -11- 11 ');
INSERT INTO Game_result VALUES ( 141 , 5 , -1 );
INSERT INTO Game_result VALUES ( 141 , 7 , 1 );
INSERT INTO Game VALUES ( 6 , 142 ,' 2008 -11- 11 ');
INSERT INTO Game_result VALUES ( 142 , 5 , 1 );
INSERT INTO Game_result VALUES ( 142 , 9 , -1 );
INSERT INTO Game VALUES ( 6 , 143 ,' 2008 -11- 11 ');
INSERT INTO Game_result VALUES ( 143 , 5 , 0 );
INSERT INTO Game_result VALUES ( 143 , 11 , 0 );
INSERT INTO Game VALUES ( 6 , 144 ,' 2008 -11- 11 ');
INSERT INTO Game_result VALUES ( 144 , 5 , 1 );
INSERT INTO Game_result VALUES ( 144 , 13 , -1 );
INSERT INTO Game VALUES ( 6 , 145 ,' 2008 -11- 11 ');
INSERT INTO Game_result VALUES ( 145 , 5 , 1 );
INSERT INTO Game_result VALUES ( 145 , 15 , -1 );
INSERT INTO Game VALUES ( 6 , 146 ,' 2008 -11- 11 ');
INSERT INTO Game_result VALUES ( 146 , 5 , 0 );
INSERT INTO Game_result VALUES ( 146 , 17 , 0 );
INSERT INTO Game VALUES ( 6 , 147 ,' 2008 -11- 11 ');
INSERT INTO Game_result VALUES ( 147 , 5 , -1 );
INSERT INTO Game_result VALUES ( 147 , 19 , 1 );
INSERT INTO Game VALUES ( 6 , 148 ,' 2008 -11- 12 ');
INSERT INTO Game_result VALUES ( 148 , 7 , 0 );
INSERT INTO Game_result VALUES ( 148 , 9 , 0 );
INSERT INTO Game VALUES ( 6 , 149 ,' 2008 -11- 12 ');
INSERT INTO Game_result VALUES ( 149 , 7 , 0 );
INSERT INTO Game_result VALUES ( 149 , 11 , 0 );
INSERT INTO Game VALUES ( 6 , 150 ,' 2008 -11- 12 ');
INSERT INTO Game_result VALUES ( 150 , 7 , -1 );
INSERT INTO Game_result VALUES ( 150 , 13 , 1 );
INSERT INTO Game VALUES ( 6 , 151 ,' 2008 -11- 12 ');
INSERT INTO Game_result VALUES ( 151 , 7 , -1 );
INSERT INTO Game_result VALUES ( 151 , 15 , 1 );
INSERT INTO Game VALUES ( 6 , 152 ,' 2008 -11- 12 ');
INSERT INTO Game_result VALUES ( 152 , 7 , -1 );
INSERT INTO Game_result VALUES ( 152 , 17 , 1 );
INSERT INTO Game VALUES ( 6 , 153 ,' 2008 -11- 12 ');
INSERT INTO Game_result VALUES ( 153 , 7 , -1 );
INSERT INTO Game_result VALUES ( 153 , 19 , 1 );
INSERT INTO Game VALUES ( 6 , 154 ,' 2008 -11- 13 ');
INSERT INTO Game_result VALUES ( 154 , 9 , -1 );
INSERT INTO Game_result VALUES ( 154 , 11 , 1 );
INSERT INTO Game VALUES ( 6 , 155 ,' 2008 -11- 13 ');
INSERT INTO Game_result VALUES ( 155 , 9 , -1 );
INSERT INTO Game_result VALUES ( 155 , 13 , 1 );
INSERT INTO Game VALUES ( 6 , 156 ,' 2008 -11- 13 ');
INSERT INTO Game_result VALUES ( 156 , 9 , 1 );
INSERT INTO Game_result VALUES ( 156 , 15 , -1 );
INSERT INTO Game VALUES ( 6 , 157 ,' 2008 -11- 13 ');
INSERT INTO Game_result VALUES ( 157 , 9 , -1 );
INSERT INTO Game_result VALUES ( 157 , 17 , 1 );
INSERT INTO Game VALUES ( 6 , 158 ,' 2008 -11- 13 ');
INSERT INTO Game_result VALUES ( 158 , 9 , -1 );
INSERT INTO Game_result VALUES ( 158 , 19 , 1 );
INSERT INTO Game VALUES ( 6 , 159 ,' 2008 -11- 14 ');
INSERT INTO Game_result VALUES ( 159 , 11 , -1 );
INSERT INTO Game_result VALUES ( 159 , 13 , 1 );
INSERT INTO Game VALUES ( 6 , 160 ,' 2008 -11- 14 ');
INSERT INTO Game_result VALUES ( 160 , 11 , 0 );
INSERT INTO Game_result VALUES ( 160 , 15 , 0 );
INSERT INTO Game VALUES ( 6 , 161 ,' 2008 -11- 14 ');
INSERT INTO Game_result VALUES ( 161 , 11 , 0 );
INSERT INTO Game_result VALUES ( 161 , 17 , 0 );
INSERT INTO Game VALUES ( 6 , 162 ,' 2008 -11- 14 ');
INSERT INTO Game_result VALUES ( 162 , 11 , -1 );
INSERT INTO Game_result VALUES ( 162 , 19 , 1 );
INSERT INTO Game VALUES ( 6 , 163 ,' 2008 -11- 15 ');
INSERT INTO Game_result VALUES ( 163 , 13 , -1 );
INSERT INTO Game_result VALUES ( 163 , 15 , 1 );
INSERT INTO Game VALUES ( 6 , 164 ,' 2008 -11- 15 ');
INSERT INTO Game_result VALUES ( 164 , 13 , 0 );
INSERT INTO Game_result VALUES ( 164 , 17 , 0 );
INSERT INTO Game VALUES ( 6 , 165 ,' 2008 -11- 15 ');
INSERT INTO Game_result VALUES ( 165 , 13 , 0 );
INSERT INTO Game_result VALUES ( 165 , 19 , 0 );
INSERT INTO Game VALUES ( 6 , 166 ,' 2008 -11- 16 ');
INSERT INTO Game_result VALUES ( 166 , 15 , -1 );
INSERT INTO Game_result VALUES ( 166 , 17 , 1 );
INSERT INTO Game VALUES ( 6 , 167 ,' 2008 -11- 16 ');
INSERT INTO Game_result VALUES ( 167 , 15 , 1 );
INSERT INTO Game_result VALUES ( 167 , 19 , -1 );
INSERT INTO Game VALUES ( 6 , 168 ,' 2008 -11- 17 ');
INSERT INTO Game_result VALUES ( 168 , 17 , 1 );
INSERT INTO Game_result VALUES ( 168 , 19 , -1 );
INSERT INTO Participation VALUES ( 5 , 6 , 3 );
INSERT INTO Rating VALUES ( 5 , 2451 ,' 2008 -11- 21 ');
INSERT INTO Participation VALUES ( 7 , 6 , 3 );
INSERT INTO Rating VALUES ( 7 , 2501 ,' 2008 -11- 22 ');
INSERT INTO Participation VALUES ( 9 , 6 , 3 );
INSERT INTO Rating VALUES ( 9 , 2451 ,' 2008 -11- 23 ');
INSERT INTO Participation VALUES ( 11 , 6 , 3 );
INSERT INTO Rating VALUES ( 11 , 2451 ,' 2008 -11- 24 ');
INSERT INTO Participation VALUES ( 13 , 6 , 3 );
INSERT INTO Rating VALUES ( 13 , 2451 ,' 2008 -11- 25 ');
INSERT INTO Participation VALUES ( 15 , 6 , 3 );
INSERT INTO Rating VALUES ( 15 , 2451 ,' 2008 -11- 26 ');
INSERT INTO Participation VALUES ( 17 , 6 , 3 );
INSERT INTO Rating VALUES ( 17 , 2451 ,' 2008 -11- 27 ');
INSERT INTO Participation VALUES ( 19 , 6 , 3 );
INSERT INTO Rating VALUES ( 19 , 2451 ,' 2008 -11- 28 ');
INSERT INTO Game VALUES ( 7 , 169 ,' 2006 -11- 11 ');
INSERT INTO Game_result VALUES ( 169 , 19 , -1 );
INSERT INTO Game_result VALUES ( 169 , 22 , 1 );
INSERT INTO Game VALUES ( 7 , 170 ,' 2006 -11- 11 ');
INSERT INTO Game_result VALUES ( 170 , 19 , -1 );
INSERT INTO Game_result VALUES ( 170 , 25 , 1 );
INSERT INTO Game VALUES ( 7 , 171 ,' 2006 -11- 11 ');
INSERT INTO Game_result VALUES ( 171 , 19 , 0 );
INSERT INTO Game_result VALUES ( 171 , 3 , 0 );
INSERT INTO Game VALUES ( 7 , 172 ,' 2006 -11- 11 ');
INSERT INTO Game_result VALUES ( 172 , 19 , -1 );
INSERT INTO Game_result VALUES ( 172 , 6 , 1 );
INSERT INTO Game VALUES ( 7 , 173 ,' 2006 -11- 11 ');
INSERT INTO Game_result VALUES ( 173 , 19 , -1 );
INSERT INTO Game_result VALUES ( 173 , 9 , 1 );
INSERT INTO Game VALUES ( 7 , 174 ,' 2006 -11- 11 ');
INSERT INTO Game_result VALUES ( 174 , 19 , 0 );
INSERT INTO Game_result VALUES ( 174 , 12 , 0 );
INSERT INTO Game VALUES ( 7 , 175 ,' 2006 -11- 11 ');
INSERT INTO Game_result VALUES ( 175 , 19 , 1 );
INSERT INTO Game_result VALUES ( 175 , 15 , -1 );
INSERT INTO Game VALUES ( 7 , 176 ,' 2006 -11- 12 ');
INSERT INTO Game_result VALUES ( 176 , 22 , 1 );
INSERT INTO Game_result VALUES ( 176 , 25 , -1 );
INSERT INTO Game VALUES ( 7 , 177 ,' 2006 -11- 12 ');
INSERT INTO Game_result VALUES ( 177 , 22 , 1 );
INSERT INTO Game_result VALUES ( 177 , 3 , -1 );
INSERT INTO Game VALUES ( 7 , 178 ,' 2006 -11- 12 ');
INSERT INTO Game_result VALUES ( 178 , 22 , -1 );
INSERT INTO Game_result VALUES ( 178 , 6 , 1 );
INSERT INTO Game VALUES ( 7 , 179 ,' 2006 -11- 12 ');
INSERT INTO Game_result VALUES ( 179 , 22 , -1 );
INSERT INTO Game_result VALUES ( 179 , 9 , 1 );
INSERT INTO Game VALUES ( 7 , 180 ,' 2006 -11- 12 ');
INSERT INTO Game_result VALUES ( 180 , 22 , -1 );
INSERT INTO Game_result VALUES ( 180 , 12 , 1 );
INSERT INTO Game VALUES ( 7 , 181 ,' 2006 -11- 12 ');
INSERT INTO Game_result VALUES ( 181 , 22 , 0 );
INSERT INTO Game_result VALUES ( 181 , 15 , 0 );
INSERT INTO Game VALUES ( 7 , 182 ,' 2006 -11- 13 ');
INSERT INTO Game_result VALUES ( 182 , 25 , 0 );
INSERT INTO Game_result VALUES ( 182 , 3 , 0 );
INSERT INTO Game VALUES ( 7 , 183 ,' 2006 -11- 13 ');
INSERT INTO Game_result VALUES ( 183 , 25 , 1 );
INSERT INTO Game_result VALUES ( 183 , 6 , -1 );
INSERT INTO Game VALUES ( 7 , 184 ,' 2006 -11- 13 ');
INSERT INTO Game_result VALUES ( 184 , 25 , 0 );
INSERT INTO Game_result VALUES ( 184 , 9 , 0 );
INSERT INTO Game VALUES ( 7 , 185 ,' 2006 -11- 13 ');
INSERT INTO Game_result VALUES ( 185 , 25 , 0 );
INSERT INTO Game_result VALUES ( 185 , 12 , 0 );
INSERT INTO Game VALUES ( 7 , 186 ,' 2006 -11- 13 ');
INSERT INTO Game_result VALUES ( 186 , 25 , -1 );
INSERT INTO Game_result VALUES ( 186 , 15 , 1 );
INSERT INTO Game VALUES ( 7 , 187 ,' 2006 -11- 14 ');
INSERT INTO Game_result VALUES ( 187 , 3 , 0 );
INSERT INTO Game_result VALUES ( 187 , 6 , 0 );
INSERT INTO Game VALUES ( 7 , 188 ,' 2006 -11- 14 ');
INSERT INTO Game_result VALUES ( 188 , 3 , -1 );
INSERT INTO Game_result VALUES ( 188 , 9 , 1 );
INSERT INTO Game VALUES ( 7 , 189 ,' 2006 -11- 14 ');
INSERT INTO Game_result VALUES ( 189 , 3 , -1 );
INSERT INTO Game_result VALUES ( 189 , 12 , 1 );
INSERT INTO Game VALUES ( 7 , 190 ,' 2006 -11- 14 ');
INSERT INTO Game_result VALUES ( 190 , 3 , 0 );
INSERT INTO Game_result VALUES ( 190 , 15 , 0 );
INSERT INTO Game VALUES ( 7 , 191 ,' 2006 -11- 15 ');
INSERT INTO Game_result VALUES ( 191 , 6 , -1 );
INSERT INTO Game_result VALUES ( 191 , 9 , 1 );
INSERT INTO Game VALUES ( 7 , 192 ,' 2006 -11- 15 ');
INSERT INTO Game_result VALUES ( 192 , 6 , 0 );
INSERT INTO Game_result VALUES ( 192 , 12 , 0 );
INSERT INTO Game VALUES ( 7 , 193 ,' 2006 -11- 15 ');
INSERT INTO Game_result VALUES ( 193 , 6 , 1 );
INSERT INTO Game_result VALUES ( 193 , 15 , -1 );
INSERT INTO Game VALUES ( 7 , 194 ,' 2006 -11- 16 ');
INSERT INTO Game_result VALUES ( 194 , 9 , 0 );
INSERT INTO Game_result VALUES ( 194 , 12 , 0 );
INSERT INTO Game VALUES ( 7 , 195 ,' 2006 -11- 16 ');
INSERT INTO Game_result VALUES ( 195 , 9 , 0 );
INSERT INTO Game_result VALUES ( 195 , 15 , 0 );
INSERT INTO Game VALUES ( 7 , 196 ,' 2006 -11- 17 ');
INSERT INTO Game_result VALUES ( 196 , 12 , -1 );
INSERT INTO Game_result VALUES ( 196 , 15 , 1 );
INSERT INTO Participation VALUES ( 19 , 7 , -1 );
INSERT INTO Rating VALUES ( 19 , 2399 ,' 2006 -11- 21 ');
INSERT INTO Participation VALUES ( 22 , 7 , -1 );
INSERT INTO Rating VALUES ( 22 , 2399 ,' 2006 -11- 22 ');
INSERT INTO Participation VALUES ( 25 , 7 , -1 );
INSERT INTO Rating VALUES ( 25 , 2399 ,' 2006 -11- 23 ');
INSERT INTO Participation VALUES ( 3 , 7 , -1 );
INSERT INTO Rating VALUES ( 3 , 2399 ,' 2006 -11- 24 ');
INSERT INTO Participation VALUES ( 6 , 7 , -1 );
INSERT INTO Rating VALUES ( 6 , 2399 ,' 2006 -11- 25 ');
INSERT INTO Participation VALUES ( 9 , 7 , -1 );
INSERT INTO Rating VALUES ( 9 , 2399 ,' 2006 -11- 26 ');
INSERT INTO Participation VALUES ( 12 , 7 , -1 );
INSERT INTO Rating VALUES ( 12 , 2399 ,' 2006 -11- 27 ');
INSERT INTO Participation VALUES ( 15 , 7 , -1 );
INSERT INTO Rating VALUES ( 15 , 2399 ,' 2006 -11- 28 ');
INSERT INTO Game VALUES ( 8 , 197 ,' 2004 -11- 11 ');
INSERT INTO Game_result VALUES ( 197 , 13 , -1 );
INSERT INTO Game_result VALUES ( 197 , 16 , 1 );
INSERT INTO Game VALUES ( 8 , 198 ,' 2004 -11- 11 ');
INSERT INTO Game_result VALUES ( 198 , 13 , 0 );
INSERT INTO Game_result VALUES ( 198 , 19 , 0 );
INSERT INTO Game VALUES ( 8 , 199 ,' 2004 -11- 11 ');
INSERT INTO Game_result VALUES ( 199 , 13 , 0 );
INSERT INTO Game_result VALUES ( 199 , 22 , 0 );
INSERT INTO Game VALUES ( 8 , 200 ,' 2004 -11- 11 ');
INSERT INTO Game_result VALUES ( 200 , 13 , 0 );
INSERT INTO Game_result VALUES ( 200 , 25 , 0 );
INSERT INTO Game VALUES ( 8 , 201 ,' 2004 -11- 11 ');
INSERT INTO Game_result VALUES ( 201 , 13 , 0 );
INSERT INTO Game_result VALUES ( 201 , 3 , 0 );
INSERT INTO Game VALUES ( 8 , 202 ,' 2004 -11- 11 ');
INSERT INTO Game_result VALUES ( 202 , 13 , -1 );
INSERT INTO Game_result VALUES ( 202 , 6 , 1 );
INSERT INTO Game VALUES ( 8 , 203 ,' 2004 -11- 11 ');
INSERT INTO Game_result VALUES ( 203 , 13 , 0 );
INSERT INTO Game_result VALUES ( 203 , 9 , 0 );
INSERT INTO Game VALUES ( 8 , 204 ,' 2004 -11- 12 ');
INSERT INTO Game_result VALUES ( 204 , 16 , -1 );
INSERT INTO Game_result VALUES ( 204 , 19 , 1 );
INSERT INTO Game VALUES ( 8 , 205 ,' 2004 -11- 12 ');
INSERT INTO Game_result VALUES ( 205 , 16 , 0 );
INSERT INTO Game_result VALUES ( 205 , 22 , 0 );
INSERT INTO Game VALUES ( 8 , 206 ,' 2004 -11- 12 ');
INSERT INTO Game_result VALUES ( 206 , 16 , -1 );
INSERT INTO Game_result VALUES ( 206 , 25 , 1 );
INSERT INTO Game VALUES ( 8 , 207 ,' 2004 -11- 12 ');
INSERT INTO Game_result VALUES ( 207 , 16 , -1 );
INSERT INTO Game_result VALUES ( 207 , 3 , 1 );
INSERT INTO Game VALUES ( 8 , 208 ,' 2004 -11- 12 ');
INSERT INTO Game_result VALUES ( 208 , 16 , 0 );
INSERT INTO Game_result VALUES ( 208 , 6 , 0 );
INSERT INTO Game VALUES ( 8 , 209 ,' 2004 -11- 12 ');
INSERT INTO Game_result VALUES ( 209 , 16 , 1 );
INSERT INTO Game_result VALUES ( 209 , 9 , -1 );
INSERT INTO Game VALUES ( 8 , 210 ,' 2004 -11- 13 ');
INSERT INTO Game_result VALUES ( 210 , 19 , -1 );
INSERT INTO Game_result VALUES ( 210 , 22 , 1 );
INSERT INTO Game VALUES ( 8 , 211 ,' 2004 -11- 13 ');
INSERT INTO Game_result VALUES ( 211 , 19 , -1 );
INSERT INTO Game_result VALUES ( 211 , 25 , 1 );
INSERT INTO Game VALUES ( 8 , 212 ,' 2004 -11- 13 ');
INSERT INTO Game_result VALUES ( 212 , 19 , 0 );
INSERT INTO Game_result VALUES ( 212 , 3 , 0 );
INSERT INTO Game VALUES ( 8 , 213 ,' 2004 -11- 13 ');
INSERT INTO Game_result VALUES ( 213 , 19 , 0 );
INSERT INTO Game_result VALUES ( 213 , 6 , 0 );
INSERT INTO Game VALUES ( 8 , 214 ,' 2004 -11- 13 ');
INSERT INTO Game_result VALUES ( 214 , 19 , -1 );
INSERT INTO Game_result VALUES ( 214 , 9 , 1 );
INSERT INTO Game VALUES ( 8 , 215 ,' 2004 -11- 14 ');
INSERT INTO Game_result VALUES ( 215 , 22 , -1 );
INSERT INTO Game_result VALUES ( 215 , 25 , 1 );
INSERT INTO Game VALUES ( 8 , 216 ,' 2004 -11- 14 ');
INSERT INTO Game_result VALUES ( 216 , 22 , 0 );
INSERT INTO Game_result VALUES ( 216 , 3 , 0 );
INSERT INTO Game VALUES ( 8 , 217 ,' 2004 -11- 14 ');
INSERT INTO Game_result VALUES ( 217 , 22 , 1 );
INSERT INTO Game_result VALUES ( 217 , 6 , -1 );
INSERT INTO Game VALUES ( 8 , 218 ,' 2004 -11- 14 ');
INSERT INTO Game_result VALUES ( 218 , 22 , 1 );
INSERT INTO Game_result VALUES ( 218 , 9 , -1 );
INSERT INTO Game VALUES ( 8 , 219 ,' 2004 -11- 15 ');
INSERT INTO Game_result VALUES ( 219 , 25 , 1 );
INSERT INTO Game_result VALUES ( 219 , 3 , -1 );
INSERT INTO Game VALUES ( 8 , 220 ,' 2004 -11- 15 ');
INSERT INTO Game_result VALUES ( 220 , 25 , 0 );
INSERT INTO Game_result VALUES ( 220 , 6 , 0 );
INSERT INTO Game VALUES ( 8 , 221 ,' 2004 -11- 15 ');
INSERT INTO Game_result VALUES ( 221 , 25 , -1 );
INSERT INTO Game_result VALUES ( 221 , 9 , 1 );
INSERT INTO Game VALUES ( 8 , 222 ,' 2004 -11- 16 ');
INSERT INTO Game_result VALUES ( 222 , 3 , 1 );
INSERT INTO Game_result VALUES ( 222 , 6 , -1 );
INSERT INTO Game VALUES ( 8 , 223 ,' 2004 -11- 16 ');
INSERT INTO Game_result VALUES ( 223 , 3 , 0 );
INSERT INTO Game_result VALUES ( 223 , 9 , 0 );
INSERT INTO Game VALUES ( 8 , 224 ,' 2004 -11- 17 ');
INSERT INTO Game_result VALUES ( 224 , 6 , 0 );
INSERT INTO Game_result VALUES ( 224 , 9 , 0 );
INSERT INTO Participation VALUES ( 13 , 8 , 0 );
INSERT INTO Rating VALUES ( 13 , 2412 ,' 2004 -11- 21 ');
INSERT INTO Participation VALUES ( 16 , 8 , 0 );
INSERT INTO Rating VALUES ( 16 , 2412 ,' 2004 -11- 22 ');
INSERT INTO Participation VALUES ( 19 , 8 , 0 );
INSERT INTO Rating VALUES ( 19 , 2412 ,' 2004 -11- 23 ');
INSERT INTO Participation VALUES ( 22 , 8 , 0 );
INSERT INTO Rating VALUES ( 22 , 2412 ,' 2004 -11- 24 ');
INSERT INTO Participation VALUES ( 25 , 8 , 0 );
INSERT INTO Rating VALUES ( 25 , 2412 ,' 2004 -11- 25 ');
INSERT INTO Participation VALUES ( 3 , 8 , 0 );
INSERT INTO Rating VALUES ( 3 , 2412 ,' 2004 -11- 26 ');
INSERT INTO Participation VALUES ( 6 , 8 , 0 );
INSERT INTO Rating VALUES ( 6 , 2412 ,' 2004 -11- 27 ');
INSERT INTO Participation VALUES ( 9 , 8 , 0 );
INSERT INTO Rating VALUES ( 9 , 2412 ,' 2004 -11- 28 ');
INSERT INTO Game VALUES ( 9 , 225 ,' 2002 -11- 11 ');
INSERT INTO Game_result VALUES ( 225 , 13 , 0 );
INSERT INTO Game_result VALUES ( 225 , 16 , 0 );
INSERT INTO Game VALUES ( 9 , 226 ,' 2002 -11- 11 ');
INSERT INTO Game_result VALUES ( 226 , 13 , 0 );
INSERT INTO Game_result VALUES ( 226 , 19 , 0 );
INSERT INTO Game VALUES ( 9 , 227 ,' 2002 -11- 11 ');
INSERT INTO Game_result VALUES ( 227 , 13 , 1 );
INSERT INTO Game_result VALUES ( 227 , 22 , -1 );
INSERT INTO Game VALUES ( 9 , 228 ,' 2002 -11- 11 ');
INSERT INTO Game_result VALUES ( 228 , 13 , 0 );
INSERT INTO Game_result VALUES ( 228 , 25 , 0 );
INSERT INTO Game VALUES ( 9 , 229 ,' 2002 -11- 11 ');
INSERT INTO Game_result VALUES ( 229 , 13 , 1 );
INSERT INTO Game_result VALUES ( 229 , 3 , -1 );
INSERT INTO Game VALUES ( 9 , 230 ,' 2002 -11- 11 ');
INSERT INTO Game_result VALUES ( 230 , 13 , 0 );
INSERT INTO Game_result VALUES ( 230 , 6 , 0 );
INSERT INTO Game VALUES ( 9 , 231 ,' 2002 -11- 11 ');
INSERT INTO Game_result VALUES ( 231 , 13 , -1 );
INSERT INTO Game_result VALUES ( 231 , 9 , 1 );
INSERT INTO Game VALUES ( 9 , 232 ,' 2002 -11- 12 ');
INSERT INTO Game_result VALUES ( 232 , 16 , 1 );
INSERT INTO Game_result VALUES ( 232 , 19 , -1 );
INSERT INTO Game VALUES ( 9 , 233 ,' 2002 -11- 12 ');
INSERT INTO Game_result VALUES ( 233 , 16 , 1 );
INSERT INTO Game_result VALUES ( 233 , 22 , -1 );
INSERT INTO Game VALUES ( 9 , 234 ,' 2002 -11- 12 ');
INSERT INTO Game_result VALUES ( 234 , 16 , 1 );
INSERT INTO Game_result VALUES ( 234 , 25 , -1 );
INSERT INTO Game VALUES ( 9 , 235 ,' 2002 -11- 12 ');
INSERT INTO Game_result VALUES ( 235 , 16 , -1 );
INSERT INTO Game_result VALUES ( 235 , 3 , 1 );
INSERT INTO Game VALUES ( 9 , 236 ,' 2002 -11- 12 ');
INSERT INTO Game_result VALUES ( 236 , 16 , 0 );
INSERT INTO Game_result VALUES ( 236 , 6 , 0 );
INSERT INTO Game VALUES ( 9 , 237 ,' 2002 -11- 12 ');
INSERT INTO Game_result VALUES ( 237 , 16 , 1 );
INSERT INTO Game_result VALUES ( 237 , 9 , -1 );
INSERT INTO Game VALUES ( 9 , 238 ,' 2002 -11- 13 ');
INSERT INTO Game_result VALUES ( 238 , 19 , -1 );
INSERT INTO Game_result VALUES ( 238 , 22 , 1 );
INSERT INTO Game VALUES ( 9 , 239 ,' 2002 -11- 13 ');
INSERT INTO Game_result VALUES ( 239 , 19 , 1 );
INSERT INTO Game_result VALUES ( 239 , 25 , -1 );
INSERT INTO Game VALUES ( 9 , 240 ,' 2002 -11- 13 ');
INSERT INTO Game_result VALUES ( 240 , 19 , 1 );
INSERT INTO Game_result VALUES ( 240 , 3 , -1 );
INSERT INTO Game VALUES ( 9 , 241 ,' 2002 -11- 13 ');
INSERT INTO Game_result VALUES ( 241 , 19 , 0 );
INSERT INTO Game_result VALUES ( 241 , 6 , 0 );
INSERT INTO Game VALUES ( 9 , 242 ,' 2002 -11- 13 ');
INSERT INTO Game_result VALUES ( 242 , 19 , 0 );
INSERT INTO Game_result VALUES ( 242 , 9 , 0 );
INSERT INTO Game VALUES ( 9 , 243 ,' 2002 -11- 14 ');
INSERT INTO Game_result VALUES ( 243 , 22 , 0 );
INSERT INTO Game_result VALUES ( 243 , 25 , 0 );
INSERT INTO Game VALUES ( 9 , 244 ,' 2002 -11- 14 ');
INSERT INTO Game_result VALUES ( 244 , 22 , -1 );
INSERT INTO Game_result VALUES ( 244 , 3 , 1 );
INSERT INTO Game VALUES ( 9 , 245 ,' 2002 -11- 14 ');
INSERT INTO Game_result VALUES ( 245 , 22 , 0 );
INSERT INTO Game_result VALUES ( 245 , 6 , 0 );
INSERT INTO Game VALUES ( 9 , 246 ,' 2002 -11- 14 ');
INSERT INTO Game_result VALUES ( 246 , 22 , 1 );
INSERT INTO Game_result VALUES ( 246 , 9 , -1 );
INSERT INTO Game VALUES ( 9 , 247 ,' 2002 -11- 15 ');
INSERT INTO Game_result VALUES ( 247 , 25 , -1 );
INSERT INTO Game_result VALUES ( 247 , 3 , 1 );
INSERT INTO Game VALUES ( 9 , 248 ,' 2002 -11- 15 ');
INSERT INTO Game_result VALUES ( 248 , 25 , 1 );
INSERT INTO Game_result VALUES ( 248 , 6 , -1 );
INSERT INTO Game VALUES ( 9 , 249 ,' 2002 -11- 15 ');
INSERT INTO Game_result VALUES ( 249 , 25 , 1 );
INSERT INTO Game_result VALUES ( 249 , 9 , -1 );
INSERT INTO Game VALUES ( 9 , 250 ,' 2002 -11- 16 ');
INSERT INTO Game_result VALUES ( 250 , 3 , 0 );
INSERT INTO Game_result VALUES ( 250 , 6 , 0 );
INSERT INTO Game VALUES ( 9 , 251 ,' 2002 -11- 16 ');
INSERT INTO Game_result VALUES ( 251 , 3 , -1 );
INSERT INTO Game_result VALUES ( 251 , 9 , 1 );
INSERT INTO Game VALUES ( 9 , 252 ,' 2002 -11- 17 ');
INSERT INTO Game_result VALUES ( 252 , 6 , 0 );
INSERT INTO Game_result VALUES ( 252 , 9 , 0 );
INSERT INTO Participation VALUES ( 13 , 9 , -1 );
INSERT INTO Rating VALUES ( 13 , 2399 ,' 2002 -11- 21 ');
INSERT INTO Participation VALUES ( 16 , 9 , -1 );
INSERT INTO Rating VALUES ( 16 , 2399 ,' 2002 -11- 22 ');
INSERT INTO Participation VALUES ( 19 , 9 , -1 );
INSERT INTO Rating VALUES ( 19 , 2399 ,' 2002 -11- 23 ');
INSERT INTO Participation VALUES ( 22 , 9 , -1 );
INSERT INTO Rating VALUES ( 22 , 2399 ,' 2002 -11- 24 ');
INSERT INTO Participation VALUES ( 25 , 9 , -1 );
INSERT INTO Rating VALUES ( 25 , 2399 ,' 2002 -11- 25 ');
INSERT INTO Participation VALUES ( 3 , 9 , -1 );
INSERT INTO Rating VALUES ( 3 , 2399 ,' 2002 -11- 26 ');
INSERT INTO Participation VALUES ( 6 , 9 , -1 );
INSERT INTO Rating VALUES ( 6 , 2399 ,' 2002 -11- 27 ');
INSERT INTO Participation VALUES ( 9 , 9 , -1 );
INSERT INTO Rating VALUES ( 9 , 2399 ,' 2002 -11- 28 ');
INSERT INTO Game VALUES ( 10 , 253 ,' 2000 -11- 11 ');
INSERT INTO Game_result VALUES ( 253 , 4 , 1 );
INSERT INTO Game_result VALUES ( 253 , 5 , -1 );
INSERT INTO Game VALUES ( 10 , 254 ,' 2000 -11- 11 ');
INSERT INTO Game_result VALUES ( 254 , 4 , 0 );
INSERT INTO Game_result VALUES ( 254 , 6 , 0 );
INSERT INTO Game VALUES ( 10 , 255 ,' 2000 -11- 11 ');
INSERT INTO Game_result VALUES ( 255 , 4 , 1 );
INSERT INTO Game_result VALUES ( 255 , 7 , -1 );
INSERT INTO Game VALUES ( 10 , 256 ,' 2000 -11- 11 ');
INSERT INTO Game_result VALUES ( 256 , 4 , 1 );
INSERT INTO Game_result VALUES ( 256 , 8 , -1 );
INSERT INTO Game VALUES ( 10 , 257 ,' 2000 -11- 11 ');
INSERT INTO Game_result VALUES ( 257 , 4 , 0 );
INSERT INTO Game_result VALUES ( 257 , 9 , 0 );
INSERT INTO Game VALUES ( 10 , 258 ,' 2000 -11- 11 ');
INSERT INTO Game_result VALUES ( 258 , 4 , -1 );
INSERT INTO Game_result VALUES ( 258 , 10 , 1 );
INSERT INTO Game VALUES ( 10 , 259 ,' 2000 -11- 11 ');
INSERT INTO Game_result VALUES ( 259 , 4 , -1 );
INSERT INTO Game_result VALUES ( 259 , 11 , 1 );
INSERT INTO Game VALUES ( 10 , 260 ,' 2000 -11- 12 ');
INSERT INTO Game_result VALUES ( 260 , 5 , 1 );
INSERT INTO Game_result VALUES ( 260 , 6 , -1 );
INSERT INTO Game VALUES ( 10 , 261 ,' 2000 -11- 12 ');
INSERT INTO Game_result VALUES ( 261 , 5 , 0 );
INSERT INTO Game_result VALUES ( 261 , 7 , 0 );
INSERT INTO Game VALUES ( 10 , 262 ,' 2000 -11- 12 ');
INSERT INTO Game_result VALUES ( 262 , 5 , -1 );
INSERT INTO Game_result VALUES ( 262 , 8 , 1 );
INSERT INTO Game VALUES ( 10 , 263 ,' 2000 -11- 12 ');
INSERT INTO Game_result VALUES ( 263 , 5 , 0 );
INSERT INTO Game_result VALUES ( 263 , 9 , 0 );
INSERT INTO Game VALUES ( 10 , 264 ,' 2000 -11- 12 ');
INSERT INTO Game_result VALUES ( 264 , 5 , 1 );
INSERT INTO Game_result VALUES ( 264 , 10 , -1 );
INSERT INTO Game VALUES ( 10 , 265 ,' 2000 -11- 12 ');
INSERT INTO Game_result VALUES ( 265 , 5 , 1 );
INSERT INTO Game_result VALUES ( 265 , 11 , -1 );
INSERT INTO Game VALUES ( 10 , 266 ,' 2000 -11- 13 ');
INSERT INTO Game_result VALUES ( 266 , 6 , 1 );
INSERT INTO Game_result VALUES ( 266 , 7 , -1 );
INSERT INTO Game VALUES ( 10 , 267 ,' 2000 -11- 13 ');
INSERT INTO Game_result VALUES ( 267 , 6 , 0 );
INSERT INTO Game_result VALUES ( 267 , 8 , 0 );
INSERT INTO Game VALUES ( 10 , 268 ,' 2000 -11- 13 ');
INSERT INTO Game_result VALUES ( 268 , 6 , -1 );
INSERT INTO Game_result VALUES ( 268 , 9 , 1 );
INSERT INTO Game VALUES ( 10 , 269 ,' 2000 -11- 13 ');
INSERT INTO Game_result VALUES ( 269 , 6 , 1 );
INSERT INTO Game_result VALUES ( 269 , 10 , -1 );
INSERT INTO Game VALUES ( 10 , 270 ,' 2000 -11- 13 ');
INSERT INTO Game_result VALUES ( 270 , 6 , -1 );
INSERT INTO Game_result VALUES ( 270 , 11 , 1 );
INSERT INTO Game VALUES ( 10 , 271 ,' 2000 -11- 14 ');
INSERT INTO Game_result VALUES ( 271 , 7 , 1 );
INSERT INTO Game_result VALUES ( 271 , 8 , -1 );
INSERT INTO Game VALUES ( 10 , 272 ,' 2000 -11- 14 ');
INSERT INTO Game_result VALUES ( 272 , 7 , 1 );
INSERT INTO Game_result VALUES ( 272 , 9 , -1 );
INSERT INTO Game VALUES ( 10 , 273 ,' 2000 -11- 14 ');
INSERT INTO Game_result VALUES ( 273 , 7 , -1 );
INSERT INTO Game_result VALUES ( 273 , 10 , 1 );
INSERT INTO Game VALUES ( 10 , 274 ,' 2000 -11- 14 ');
INSERT INTO Game_result VALUES ( 274 , 7 , 1 );
INSERT INTO Game_result VALUES ( 274 , 11 , -1 );
INSERT INTO Game VALUES ( 10 , 275 ,' 2000 -11- 15 ');
INSERT INTO Game_result VALUES ( 275 , 8 , 0 );
INSERT INTO Game_result VALUES ( 275 , 9 , 0 );
INSERT INTO Game VALUES ( 10 , 276 ,' 2000 -11- 15 ');
INSERT INTO Game_result VALUES ( 276 , 8 , 0 );
INSERT INTO Game_result VALUES ( 276 , 10 , 0 );
INSERT INTO Game VALUES ( 10 , 277 ,' 2000 -11- 15 ');
INSERT INTO Game_result VALUES ( 277 , 8 , -1 );
INSERT INTO Game_result VALUES ( 277 , 11 , 1 );
INSERT INTO Game VALUES ( 10 , 278 ,' 2000 -11- 16 ');
INSERT INTO Game_result VALUES ( 278 , 9 , 0 );
INSERT INTO Game_result VALUES ( 278 , 10 , 0 );
INSERT INTO Game VALUES ( 10 , 279 ,' 2000 -11- 16 ');
INSERT INTO Game_result VALUES ( 279 , 9 , 1 );
INSERT INTO Game_result VALUES ( 279 , 11 , -1 );
INSERT INTO Game VALUES ( 10 , 280 ,' 2000 -11- 17 ');
INSERT INTO Game_result VALUES ( 280 , 10 , 0 );
INSERT INTO Game_result VALUES ( 280 , 11 , 0 );
INSERT INTO Participation VALUES ( 4 , 10 , 0 );
INSERT INTO Rating VALUES ( 4 , 2412 ,' 2000 -11- 21 ');
INSERT INTO Participation VALUES ( 5 , 10 , 0 );
INSERT INTO Rating VALUES ( 5 , 2412 ,' 2000 -11- 22 ');
INSERT INTO Participation VALUES ( 6 , 10 , 0 );
INSERT INTO Rating VALUES ( 6 , 2412 ,' 2000 -11- 23 ');
INSERT INTO Participation VALUES ( 7 , 10 , 0 );
INSERT INTO Rating VALUES ( 7 , 2412 ,' 2000 -11- 24 ');
INSERT INTO Participation VALUES ( 8 , 10 , 0 );
INSERT INTO Rating VALUES ( 8 , 2412 ,' 2000 -11- 25 ');
INSERT INTO Participation VALUES ( 9 , 10 , 0 );
INSERT INTO Rating VALUES ( 9 , 2412 ,' 2000 -11- 26 ');
INSERT INTO Participation VALUES ( 10 , 10 , 0 );
INSERT INTO Rating VALUES ( 10 , 2412 ,' 2000 -11- 27 ');
INSERT INTO Participation VALUES ( 11 , 10 , 0 );
INSERT INTO Rating VALUES ( 11 , 2412 ,' 2000 -11- 28 ');